vh,vl
EVQLVQSGAEVKKPGESLKISCKGSGYSFTSYWIGWVRQMPGKGLEWMGIIYPSDSDTRYSPSFQGQVTISADKSISTACLQWSSLKASDTAMYYCARRNNWNYDTFDIWGQGTMVTVSS,SYELTQPPSVSVSPGQTARITCSGDALPKQYAYWYQQKPGQAPVLVIYKDSERPSGIPERFSGSSSGTTVTLTISGVQAEDEADYYCQSADSSGTYEVFGGGTKLTVL
EVQLVESGGGLVQPGRSLKLSCAASGFTFSNYYMAWVRQAPKKGLEWVATISTSGSRTYYPDSVKGRFTISRDNAKSSLYLQMNSLKSEDTATYYCAREGVYYYDGYYRGNWFAYWGQGTLVTVSS,ETVMTQSPASMSTSVGERVTVNCKASQSVGSVVAWFQQIPGQSPKRLIYLASNRHTGVPDRFTGSGFGRDFTLTISNVEAEDLAVYYCLQYDSIPYTFGAGTKLELK
QVQLVQSGAEVKKPGASVKVSCKASGYTFTSYGISWVRQAPGQGLEWMGWISAYNGNTNYAQKLQGRVTMTTDTSTTTAYMELRSLRSDDTAVYYCARASGLWLVGSGDYWGQGTLVTVSS,EIVLTQSPGTLSLSPGERATLSCRASQSVSSNFLAWYQQKPGQAPRLLIYGASSRATGVPDRFSGSGSGTDFTLTISRLEPEDFAVYYCQQYGSSPRTFGPGTKVEIK
QLQLQESGPGLVKPSETLSLTCTVSGGSISSSSYYWGWIRQPPGKGLEWIGSIYYSGSTYYNPSLKSRVTISVDTSKNQFSLKLSSVTAADTAVYYCARQLGYGSGSYYNYYYMDVWGKGTTVTVSS,DIQMTQSPSFLSASVGERVTLSCKASQNINKYLDWYQQKLGEAPKLLIYNTNNLHTGIPSRFSGSGSGTDYTLTISSLQPEDVATYFCLQRNSWPYTFGAGTKLELK
QIQLVQSGPELKKPGETVKISCKASGYTFTNYGMNWVKQAPGKGLKWMGWINTNTGEPTYAEEFKGRFAFSLETSASTAYLQINNLKNEDTATYFCASGDYYGSRYFDYWGQGTTLTVSS,DVVMTQTPLSLPVSLGDQASISCRSSQSLVHSNGNTYLHWYLQKPGQSPKLLIYKVSNRFSGVPDRFSGSGSGTDFTLKISRVEAEDLGVYFCSQSTHVPPYTFGGGTKLEIK
EVQLVESGGGLVQPGRSMKLSCAASGFTFNNYDMAWVCQAPKKGLEWVATISYDGSSTYYRDSVKGRFTISRDNIKSTLYLQMDSLRSEDTATYYCARQARGFAYWGQGTLVTVSS,DIQMTQSPASLSASLGETVTIECLASEDIYSNLAWYQQKPGKSPQLLIYDASSLQDGVPSRFSGSESGTQYSLEINSLQSEDAATYFCQQHHDYPLTFGSGTKLEIK
EVQLVESGGGLVQPGRSMKLSCAASGFTFNNYDMAWVCQAPKKGLEWVATISYDGSSTYYRDSVKGRFTISRDNAKSTLYLQMDSLRSEDTATYYCARWDRGEAFDYWGQGVMVTVSS,DVQMTQSPSNLAASPGESVSINCKASKSISKYLAWYQQKPGKANKLLIYSGSTLQSGTPSRFSGSGSGTDFTLTIRNLEPEDFGLYYCQQHNEYPLTFGSGTKLEIK
EVQLVETGGGLVQPGKSLKLTCATSGFTFSNAWMDWVRQSPEKQLEWVAQIKDKSNNYATYYAESVKGRFTISRDDSKSSVYLQMNSLKEEDTAIYYCTWELDWFAYWGQGTLVTVSS,SYELTQPPSVSVSPGQTASITCSGDKLGDKYACWYQQKPGQSPVLVIYQDSKRPSGIPERFSGSNSGNTATLTISGTQAMDEADYYCQAWDSSTLYVFGTGTKVTVL
QVQLQQPGAELVKPGTSVKLSCKASGYNFTSYWINWVKLRPGQGLEWIGDIYPGSGSTNYNEKFKSKATLTVDTSSSTAYMQLSSLASEDSALYYCARSGNWDRFAYWGQGTLVTVSA,DIVLTQSPGSLAVSLGQRATISCRASESVEYYGTGLMQWYQQKPGQPPKLLIYAASNVESGVPARFSGSGSGTDFSLNIHPVEEDDIAVYFCQQSRKVPWTFGGGTKLEIK
QVQLVESGGGVVQPGRSLRLSCAASGFTFSGYGMHWVRQAPGKGLEWVAVISYDGSKKYYADSVKGRFTISRDNSENTLYLQMNSLRAEDTAVYYCAKDRYAGRKYCSSTSCYNYFHYWGQGTLVTVSS,EIVLTQSPDFQSVTPKEKVTITCRASQSIGSSLHWYQQKPDQSPKLLIKYASQSISGVPSRFSGSGSGTDFTLTINGLEGEDAATYYCHQSSGLPLTFGGGTKVEIK
